sted,temperatur,tid,lat,lon,kart,kilde
Åmotdammen,8.75,2026-10-07T12:06:44+02:00,59.91903,11.02716,"[Vis på kart](https://www.google.com/maps?q=59.91903,11.02716)",Yr
Myrdammen,8.75,2026-10-07T12:02:51+02:00,59.86241,11.07867,"[Vis på kart](https://www.google.com/maps?q=59.86241,11.07867)",Yr
Glomma v/Fetsund bru,11.1,2026-10-06T11:00:00Z,59.9209,11.15315,"[Vis på kart](https://www.google.com/maps?q=59.9209,11.15315)",NVE
Glomma v/Blaker,10.7,2026-10-06T11:00:00Z,60.00438,11.2997,"[Vis på kart](https://www.google.com/maps?q=60.00438,11.2997)",NVE
Langvatnet,11.3,2026-10-07T11:00:00Z,59.93079,10.96598,"[Vis på kart](https://www.google.com/maps?q=59.93079,10.96598)",NVE
Mønevann,11.2,2026-10-07T11:00:00Z,59.87665,10.99001,"[Vis på kart](https://www.google.com/maps?q=59.87665,10.99001)",NVE
Storsjøen i Odalen,11.9,2026-10-06T11:00:00Z,60.3772,11.55539,"[Vis på kart](https://www.google.com/maps?q=60.3772,11.55539)",NVE
Tisjøen,11.6,2026-10-07T11:00:00Z,60.40721,11.13885,"[Vis på kart](https://www.google.com/maps?q=60.40721,11.13885)",NVE
Ellingsjøen,11.1,2026-10-07T11:00:00Z,60.24234,11.40178,"[Vis på kart](https://www.google.com/maps?q=60.24234,11.40178)",NVE
